email,firstName,lastName,customId,city,dateOfBirth,hashedPassword,hashSalt
okta01.oktatest@mailinator.com,okta01,oktatest,99887766,Sylvania,1/1/1980,07DBB6E6832DA0841DD79701200E4B179F1A94A7B3DD26F612817F3C03117434,f1nd1ngn3m0
okta02.oktatest@mailinator.com,okta02,oktatest,66554444,Chicago,1/1/1980,07DBB6E6832DA0841DD79701200E4B179F1A94A7B3DD26F612817F3C03117434,f1nd1ngn3m0
okta03.oktatest@mailinator.com,okta03,oktatest,88633453,Houston,1/1/1980,07DBB6E6832DA0841DD79701200E4B179F1A94A7B3DD26F612817F3C03117434,f1nd1ngn3m0
okta04.oktatest@mailinator.com,okta04,oktatest,76549872,Columbia,1/1/1980,07DBB6E6832DA0841DD79701200E4B179F1A94A7B3DD26F612817F3C03117434,f1nd1ngn3m0
okta05.oktatest@mailinator.com,okta05,oktatest,23876532,Albany,1/1/1980,07DBB6E6832DA0841DD79701200E4B179F1A94A7B3DD26F612817F3C03117434,f1nd1ngn3m0
okta06.oktatest@mailinator.com,okta06,oktatest,56543871,Washington,1/1/1980,07DBB6E6832DA0841DD79701200E4B179F1A94A7B3DD26F612817F3C03117434,f1nd1ngn3m0
okta07.oktatest@mailinator.com,okta07,oktatest,09834532,Detroit,1/1/1980,07DBB6E6832DA0841DD79701200E4B179F1A94A7B3DD26F612817F3C03117434,f1nd1ngn3m0
okta08.oktatest@mailinator.com,okta08,oktatest,98609287,Dayton,1/1/1980,07DBB6E6832DA0841DD79701200E4B179F1A94A7B3DD26F612817F3C03117434,f1nd1ngn3m0
okta09.oktatest@mailinator.com,okta09,oktatest,45321769,Miami,1/1/1980,07DBB6E6832DA0841DD79701200E4B179F1A94A7B3DD26F612817F3C03117434,f1nd1ngn3m0
okta10.oktatest@mailinator.com,okta10,oktatest,91287654,Atlanta,1/1/1980,07DBB6E6832DA0841DD79701200E4B179F1A94A7B3DD26F612817F3C03117434,f1nd1ngn3m0