login,email,firstName,lastName,userId,hashedPassword,hashSalt,dateOfBirth
145812389671@11458123896.BIZ,145812389671@11458123896.BIZ,Loadtest,Performance,25314177393,CQHCCDoi.R.wGyFl/aRh7CQ4GbvvIUm,e9X/3IMYBmlAEisc01FDwe,1/1/1980
69730835571@1697308355.COM,69730835571@1697308355.COM,Loadtest,Performance,25313915550,CQHCCDoi.R.wGyFl/aRh7CQ4GbvvIUm,e9X/3IMYBmlAEisc01FDwe,1/1/1980
129692414671@11296924146.ORG,129692414671@11296924146.ORG,Loadtest,Performance,25313932470,CQHCCDoi.R.wGyFl/aRh7CQ4GbvvIUm,e9X/3IMYBmlAEisc01FDwe,1/1/1980
175039756271@11750397562.NET,175039756271@11750397562.NET,Loadtest,Performance,25314078053,CQHCCDoi.R.wGyFl/aRh7CQ4GbvvIUm,e9X/3IMYBmlAEisc01FDwe,1/1/1980
94148019271@1941480192.USA,94148019271@1941480192.USA,Loadtest,Performance,25314111893,CQHCCDoi.R.wGyFl/aRh7CQ4GbvvIUm,e9X/3IMYBmlAEisc01FDwe,1/1/1980
62594320071@1625943200.USA,62594320071@1625943200.USA,Loadtest,Performance,25314103813,CQHCCDoi.R.wGyFl/aRh7CQ4GbvvIUm,e9X/3IMYBmlAEisc01FDwe,1/1/1980
52968732171@1529687321.ORG,52968732171@1529687321.ORG,Loadtest,Performance,25314262665,CQHCCDoi.R.wGyFl/aRh7CQ4GbvvIUm,e9X/3IMYBmlAEisc01FDwe,1/1/1980
45546285371@1455462853.USA,45546285371@1455462853.USA,Loadtest,Performance,25314273702,CQHCCDoi.R.wGyFl/aRh7CQ4GbvvIUm,e9X/3IMYBmlAEisc01FDwe,1/1/1980
93879857771@1938798577.ORG,93879857771@1938798577.ORG,Loadtest,Performance,25313934663,CQHCCDoi.R.wGyFl/aRh7CQ4GbvvIUm,e9X/3IMYBmlAEisc01FDwe,1/1/1980
31283858471@1312838584.BIZ,31283858471@1312838584.BIZ,Loadtest,Performance,25313951651,CQHCCDoi.R.wGyFl/aRh7CQ4GbvvIUm,e9X/3IMYBmlAEisc01FDwe,1/1/1980